{
	"format_version": "1.8.0",
	"animations": {
		"inspect": {
			"animation_length": 2.08333,
			"bones": {
				"bone": {
					"position": {
						"0.0": [-2, 0, 0],
						"0.25": [0, 0, 0],
						"0.5": [0, -8, 0],
						"0.5833": [-2, 0, 0],
						"0.75": [0, 0, 0],
						"1.0": [0, -8, 0],
						"1.0833": [-2, 0, 0],
						"1.5": [0, 0, 0],
						"1.75": [0, -8, 0]
					}
				},
				"bone2": {
					"position": {
						"0.0": [-2, 0, 0],
						"0.5": [0, 0, 0],
						"0.75": [0, -8, 0],
						"0.8333": [-2, 0, 0],
						"1.0": [0, 0, 0],
						"1.25": [0, -8, 0],
						"1.3333": [-2, 0, 0],
						"1.5": [0, 0, 0],
						"1.75": [0, -8, 0]
					}
				},
				"bb_main": {
					"rotation": [0, 0, 0]
				},
				"tou": {
					"rotation": {
						"0.0": [0, 0, 0],
						"0.4167": [0, -30, 0],
						"1.0": [0, -107.5, 0],
						"1.5833": [0, -107.5, 0],
						"1.75": [0, 0, 0]
					}
				},
				"root2": {
					"position": {
						"1.75": [0, 0, 0],
						"1.8333": [0, 1, 0],
						"1.9167": [0, 0, 0],
						"2.0": [0, 0, -1],
						"2.0833": [0, 0, 0]
					}
				},
				"lefthand_pos": {
					"rotation": {
						"0.0": [0, 0, 0],
						"0.4167": [-62.5, -57.5, 0],
						"1.4167": [177.09072, -27.88323, -169.82248],
						"1.5833": [-7.45691, 16.75073, 26.70891],
						"1.75": [0, 0, 0]
					},
					"position": {
						"0.0": [0, 0, 0],
						"1.4167": [-6, 0, 10],
						"1.5833": [-6, 0, 6],
						"1.75": [0, 0, 0]
					}
				},
				"tui1": {
					"rotation": {
						"1.75": [0, 0, 0],
						"1.9167": [-19.50986, -32.68214, 33.2713],
						"2.0833": [0, 0, 0]
					},
					"position": {
						"1.75": [0, 0, 0],
						"1.9167": [0, 0, -3],
						"2.0833": [0, 0, 0]
					}
				},
				"tui2": {
					"rotation": {
						"1.75": [0, 0, 0],
						"1.9167": [-16.10644, 12.0174, -54.20645],
						"2.0833": [0, 0, 0]
					},
					"position": {
						"1.75": [0, 0, 0],
						"1.9167": [0, 0, 2],
						"2.0833": [0, 0, 0]
					}
				},
				"tui3": {
					"rotation": {
						"1.75": [0, 0, 0],
						"1.9167": [7.92945, -18.42031, -23.78773],
						"2.0833": [0, 0, 0]
					},
					"position": {
						"1.75": [0, 0, 0],
						"1.9167": [0, 0, -2],
						"2.0833": [0, 0, 0]
					}
				},
				"tui4": {
					"rotation": {
						"1.75": [0, 0, 0],
						"1.9167": [6.31274, 31.94715, 11.80868],
						"2.0833": [0, 0, 0]
					},
					"position": {
						"1.75": [0, 0, 0],
						"1.9167": [-1, 0, 3],
						"2.0833": [0, 0, 0]
					}
				}
			}
		},
		"static_idle": {
			"loop": true,
			"animation_length": 2,
			"bones": {
				"root": {
					"rotation": {
						"0.0": [0, 0, 0],
						"0.5": [0.25, 0, 0],
						"1.0": [1, 0, -0.5],
						"1.5": [-0.5, 0, 0],
						"2.0": [0, 0, 0]
					},
					"position": {
						"0.0": [0, 0, 0],
						"0.5": [0, 0, -0.5],
						"1.0": [0, 1, -1],
						"1.5": [0, -0.5, 0],
						"2.0": [0, 0, 0]
					}
				},
				"danxia": {
					"scale": 0
				}
			}
		},
		"shoot": {
			"loop": true,
			"animation_length": 0.08333,
			"bones": {
				"root": {
					"position": {
						"0.0": [0, 0, 0],
						"0.0417": [-1, 0, 0],
						"0.0833": [0, 0, 0]
					}
				}
			}
		},
		"reload_tactical": {
			"animation_length": 2,
			"bones": {
				"tou": {
					"rotation": {
						"0.5": [0, 0, 0],
						"1.0": [44.89078, -82.93343, -45.10922],
						"1.0833": [18.58871, -74.19466, -18.36859],
						"1.1667": [134.89203, -82.9603, -135.54569],
						"1.25": [89.78197, -85.01904, -90.21803],
						"1.5833": [89.78197, -85.01904, -90.21803],
						"2.0": [0, 0, 0]
					},
					"position": {
						"1.2083": [0, 0, 0],
						"1.25": [0, 1, 0],
						"1.2917": [0, -2, 0],
						"1.3333": [0, 0, 0],
						"2.0": [0, 0, 0]
					}
				},
				"righthand_pos": {
					"rotation": {
						"0.25": [0, 0, 0],
						"1.0": [3.99277, 29.78199, 9.25652],
						"1.125": [4.37679, 129.63164, 15.67039],
						"1.25": [3.99277, 29.78199, 9.25652],
						"1.5833": [3.99277, 29.78199, 9.25652],
						"2.0": [0, 0, 0]
					},
					"position": {
						"0.25": [0, 0, 0],
						"1.0": [-7, 4, 3],
						"1.125": [-7, 4, 0],
						"1.25": [-7, 4, 3],
						"1.5833": [-7, 4, 3],
						"2.0": [0, 0, 0]
					}
				},
				"left_hand_and_mag": {
					"rotation": {
						"0.25": [0, 0, 0],
						"0.5": [0, 0, -107.5],
						"1.25": [0, 0, -107.5],
						"1.4583": [-82.56344, 0.9762, -114.93656],
						"1.5": [-82.67583, 1.61888, -119.89638],
						"1.5417": [-82.51412, 0.32591, -109.97884],
						"1.5833": [-82.56344, 0.9762, -114.93656],
						"2.0": [0, 0, 0]
					},
					"position": {
						"0.25": [0, 0, 0],
						"0.5": [18, 16, -3],
						"1.25": [18, 16, -3],
						"1.3333": [14, 13, -3],
						"1.4583": [14, 13, -5],
						"1.5833": [14, 13, -3],
						"2.0": [0, 0, 0]
					}
				},
				"danxia": {
					"position": {
						"0.0": [0, 0, 0],
						"0.0417": [-43.67, -37.33, 26],
						"0.25": [-20, -18, 22],
						"1.4583": [-20, -18, 22],
						"1.5833": [1, -14, 4],
						"2.0": [0, 0, 0]
					},
					"scale": {
						"1.4583": [1, 1, 1],
						"1.5833": [0, 0, 0]
					}
				},
				"lefthand_pos": {
					"rotation": {
						"0.0": [0, 0, 0],
						"0.25": [-111.51503, -24.89036, 175.80518],
						"1.5833": [-111.51503, -24.89036, 175.80518],
						"2.0": [0, 0, 0]
					},
					"position": {
						"0.0": [0, 0, 0],
						"0.25": [-19, 0, 0],
						"1.5833": [-19, 0, 0],
						"2.0": [0, 0, 0]
					}
				}
			}
		},
		"reload_empty": {
			"animation_length": 2,
			"bones": {
				"tou": {
					"rotation": {
						"0.5": [0, 0, 0],
						"1.0": [44.89078, -82.93343, -45.10922],
						"1.0833": [18.58871, -74.19466, -18.36859],
						"1.1667": [134.89203, -82.9603, -135.54569],
						"1.25": [89.78197, -85.01904, -90.21803],
						"1.5833": [89.78197, -85.01904, -90.21803],
						"2.0": [0, 0, 0]
					},
					"position": {
						"1.2083": [0, 0, 0],
						"1.25": [0, 1, 0],
						"1.2917": [0, -2, 0],
						"1.3333": [0, 0, 0],
						"2.0": [0, 0, 0]
					}
				},
				"righthand_pos": {
					"rotation": {
						"0.25": [0, 0, 0],
						"1.0": [3.99277, 29.78199, 9.25652],
						"1.125": [4.37679, 129.63164, 15.67039],
						"1.25": [3.99277, 29.78199, 9.25652],
						"1.5833": [3.99277, 29.78199, 9.25652],
						"2.0": [0, 0, 0]
					},
					"position": {
						"0.25": [0, 0, 0],
						"1.0": [-7, 4, 3],
						"1.125": [-7, 4, 0],
						"1.25": [-7, 4, 3],
						"1.5833": [-7, 4, 3],
						"2.0": [0, 0, 0]
					}
				},
				"left_hand_and_mag": {
					"rotation": {
						"0.25": [0, 0, 0],
						"0.5": [0, 0, -107.5],
						"1.25": [0, 0, -107.5],
						"1.4583": [-82.56344, 0.9762, -114.93656],
						"1.5": [-82.67583, 1.61888, -119.89638],
						"1.5417": [-82.51412, 0.32591, -109.97884],
						"1.5833": [-82.56344, 0.9762, -114.93656],
						"2.0": [0, 0, 0]
					},
					"position": {
						"0.25": [0, 0, 0],
						"0.5": [18, 16, -3],
						"1.25": [18, 16, -3],
						"1.3333": [14, 13, -3],
						"1.4583": [14, 13, -5],
						"1.5833": [14, 13, -3],
						"2.0": [0, 0, 0]
					}
				},
				"danxia": {
					"position": {
						"0.0": [0, 0, 0],
						"0.0417": [-43.67, -37.33, 26],
						"0.25": [-20, -18, 22],
						"1.4583": [-20, -18, 22],
						"1.5833": [1, -14, 4],
						"2.0": [0, 0, 0]
					},
					"scale": {
						"1.4583": [1, 1, 1],
						"1.5833": [0, 0, 0]
					}
				},
				"lefthand_pos": {
					"rotation": {
						"0.0": [0, 0, 0],
						"0.25": [-111.51503, -24.89036, 175.80518],
						"1.5833": [-111.51503, -24.89036, 175.80518],
						"2.0": [0, 0, 0]
					},
					"position": {
						"0.0": [0, 0, 0],
						"0.25": [-19, 0, 0],
						"1.5833": [-19, 0, 0],
						"2.0": [0, 0, 0]
					}
				}
			}
		}
	}
}